{
  "checkpoint": "checkpoints/dqn_seed0_best.pt",
  "n_episodes_per_seed": 50,
  "eval_seeds": [
    0,
    1,
    2,
    3,
    4
  ],
  "results": {
    "0": {
      "mean": 19.860447112095677,
      "std": 4.262840311437672,
      "min": 2.84437240578972,
      "max": 23.437500000000004,
      "collision_rate": 0.12,
      "mean_length": 28.0,
      "mean_speed": 21.359603114569218,
      "n_episodes": 50
    },
    "1": {
      "mean": 20.223752346221886,
      "std": 3.503611490260073,
      "min": 2.961843403775817,
      "max": 23.437500000000004,
      "collision_rate": 0.1,
      "mean_length": 28.5,
      "mean_speed": 21.37617092713215,
      "n_episodes": 50
    },
    "2": {
      "mean": 20.165568016948512,
      "std": 3.5056551271748373,
      "min": 2.961843403775817,
      "max": 23.437500000000004,
      "collision_rate": 0.12,
      "mean_length": 28.38,
      "mean_speed": 21.437382219670326,
      "n_episodes": 50
    },
    "3": {
      "mean": 19.8560900322516,
      "std": 4.051608551597895,
      "min": 2.961843403775817,
      "max": 23.437500000000004,
      "collision_rate": 0.14,
      "mean_length": 27.94,
      "mean_speed": 21.496088557775533,
      "n_episodes": 50
    },
    "4": {
      "mean": 19.837904104296605,
      "std": 4.046311735593791,
      "min": 2.961843403775817,
      "max": 23.437500000000004,
      "collision_rate": 0.14,
      "mean_length": 27.94,
      "mean_speed": 21.47410579930797,
      "n_episodes": 50
    }
  }
}